Model,Scenario,Region,Variable,Unit,2019,2020
Reference,EDGAR AR6,ABW,Emissions|CH4,Mt CH4/yr,0.0011469391068074804,
Reference,EDGAR AR6,ABW,Emissions|CO2|Energy and Industrial Processes,Mt CO2/yr,0.8537393243248,
Reference,EDGAR AR6,AFG,Emissions|CH4,Mt CH4/yr,0.6227753672437362,
Reference,EDGAR AR6,AFG,Emissions|CO2|Energy and Industrial Processes,Mt CO2/yr,12.04746905876,
Reference,EDGAR AR6,AGO,Emissions|CH4,Mt CH4/yr,1.7827087220954556,
Reference,EDGAR AR6,AGO,Emissions|CO2|Energy and Industrial Processes,Mt CO2/yr,24.4580927706216,
Reference,EDGAR AR6,AIA,Emissions|CH4,Mt CH4/yr,0.00015529571136526176,
Reference,EDGAR AR6,AIA,Emissions|CO2|Energy and Industrial Processes,Mt CO2/yr,0.027579999535,
Reference,EDGAR AR6,AIR,Emissions|CH4,Mt CH4/yr,0.004445297664782149,
Reference,EDGAR AR6,AIR,Emissions|CO2|Energy and Industrial Processes,Mt CO2/yr,615.885560082,
Reference,EDGAR AR6,ALB,Emissions|CH4,Mt CH4/yr,0.09557506597201865,
Reference,EDGAR AR6,ALB,Emissions|CO2|Energy and Industrial Processes,Mt CO2/yr,5.576278146970999,
Reference,EDGAR AR6,ANT,Emissions|CH4,Mt CH4/yr,0.00414556650994506,
Reference,EDGAR AR6,ANT,Emissions|CO2|Energy and Industrial Processes,Mt CO2/yr,3.18418999431,
Reference,EDGAR AR6,ARE,Emissions|CH4,Mt CH4/yr,1.8217446747721309,
Reference,EDGAR AR6,ARE,Emissions|CO2|Energy and Industrial Processes,Mt CO2/yr,212.82949876639998,
Reference,EDGAR AR6,ARG,Emissions|CH4,Mt CH4/yr,5.284774641769415,
Reference,EDGAR AR6,ARG,Emissions|CO2|Energy and Industrial Processes,Mt CO2/yr,188.7381638265,
Reference,EDGAR AR6,ARM,Emissions|CH4,Mt CH4/yr,0.08540370586280999,
Reference,EDGAR AR6,ARM,Emissions|CO2|Energy and Industrial Processes,Mt CO2/yr,5.4820473414,
Reference,EDGAR AR6,ASM,Emissions|CH4,Mt CH4/yr,0.0005264220144415083,
Reference,EDGAR AR6,ATG,Emissions|CH4,Mt CH4/yr,0.0023827191913970078,
Reference,EDGAR AR6,ATG,Emissions|CO2|Energy and Industrial Processes,Mt CO2/yr,0.5283357561800001,
Reference,EDGAR AR6,AUS,Emissions|CH4,Mt CH4/yr,4.5538777936325125,
Reference,EDGAR AR6,AUS,Emissions|CO2|Energy and Industrial Processes,Mt CO2/yr,413.76584186940005,
Reference,EDGAR AR6,AUT,Emissions|CH4,Mt CH4/yr,0.39582547323712974,
Reference,EDGAR AR6,AUT,Emissions|CO2|Energy and Industrial Processes,Mt CO2/yr,71.00381795569379,
Reference,EDGAR AR6,AZE,Emissions|CH4,Mt CH4/yr,0.8159195679291245,
Reference,EDGAR AR6,AZE,Emissions|CO2|Energy and Industrial Processes,Mt CO2/yr,35.15967866702,
Reference,EDGAR AR6,BDI,Emissions|CH4,Mt CH4/yr,0.18125482318287814,
Reference,EDGAR AR6,BDI,Emissions|CO2|Energy and Industrial Processes,Mt CO2/yr,0.325020627392,
Reference,EDGAR AR6,BEL,Emissions|CH4,Mt CH4/yr,0.6913533809316541,
Reference,EDGAR AR6,BEL,Emissions|CO2|Energy and Industrial Processes,Mt CO2/yr,99.34942258286999,
Reference,EDGAR AR6,BEN,Emissions|CH4,Mt CH4/yr,0.26850223693858793,
Reference,EDGAR AR6,BEN,Emissions|CO2|Energy and Industrial Processes,Mt CO2/yr,8.14199892098,
Reference,EDGAR AR6,BFA,Emissions|CH4,Mt CH4/yr,0.7319386546468917,
Reference,EDGAR AR6,BFA,Emissions|CO2|Energy and Industrial Processes,Mt CO2/yr,3.613879971,
Reference,EDGAR AR6,BGD,Emissions|CH4,Mt CH4/yr,5.259496998392492,
Reference,EDGAR AR6,BGD,Emissions|CO2|Energy and Industrial Processes,Mt CO2/yr,110.158298770413,
Reference,EDGAR AR6,BGR,Emissions|CH4,Mt CH4/yr,0.34757377565622805,
Reference,EDGAR AR6,BGR,Emissions|CO2|Energy and Industrial Processes,Mt CO2/yr,42.983360190800006,
Reference,EDGAR AR6,BHR,Emissions|CH4,Mt CH4/yr,0.9669036968128121,
Reference,EDGAR AR6,BHR,Emissions|CO2|Energy and Industrial Processes,Mt CO2/yr,36.272660907870005,
Reference,EDGAR AR6,BHS,Emissions|CH4,Mt CH4/yr,0.012317998590594076,
Reference,EDGAR AR6,BHS,Emissions|CO2|Energy and Industrial Processes,Mt CO2/yr,2.1812808631551,
Reference,EDGAR AR6,BIH,Emissions|CH4,Mt CH4/yr,0.19855293842131744,
Reference,EDGAR AR6,BIH,Emissions|CO2|Energy and Industrial Processes,Mt CO2/yr,27.1112410893121,
Reference,EDGAR AR6,BLR,Emissions|CH4,Mt CH4/yr,0.6534336784741515,
Reference,EDGAR AR6,BLR,Emissions|CO2|Energy and Industrial Processes,Mt CO2/yr,62.66496925668999,
Reference,EDGAR AR6,BLZ,Emissions|CH4,Mt CH4/yr,0.019141127713302,
Reference,EDGAR AR6,BLZ,Emissions|CO2|Energy and Industrial Processes,Mt CO2/yr,0.46452785732,
Reference,EDGAR AR6,BMU,Emissions|CH4,Mt CH4/yr,0.0022481557946968825,
Reference,EDGAR AR6,BMU,Emissions|CO2|Energy and Industrial Processes,Mt CO2/yr,0.57275647235,
Reference,EDGAR AR6,BOL,Emissions|CH4,Mt CH4/yr,1.0386437044108952,
Reference,EDGAR AR6,BOL,Emissions|CO2|Energy and Industrial Processes,Mt CO2/yr,24.009863203557,
Reference,EDGAR AR6,BRA,Emissions|CH4,Mt CH4/yr,22.980010445843323,
Reference,EDGAR AR6,BRA,Emissions|CO2|Energy and Industrial Processes,Mt CO2/yr,476.9795968864,
Reference,EDGAR AR6,BRB,Emissions|CH4,Mt CH4/yr,0.00726037386696178,
Reference,EDGAR AR6,BRB,Emissions|CO2|Energy and Industrial Processes,Mt CO2/yr,1.2978848426,
Reference,EDGAR AR6,BRN,Emissions|CH4,Mt CH4/yr,0.2050921029599237,
Reference,EDGAR AR6,BRN,Emissions|CO2|Energy and Industrial Processes,Mt CO2/yr,8.008317303290001,
Reference,EDGAR AR6,BTN,Emissions|CH4,Mt CH4/yr,0.037194668156016415,
Reference,EDGAR AR6,BTN,Emissions|CO2|Energy and Industrial Processes,Mt CO2/yr,1.4689187508100001,
Reference,EDGAR AR6,BWA,Emissions|CH4,Mt CH4/yr,0.13774425169542015,
Reference,EDGAR AR6,BWA,Emissions|CO2|Energy and Industrial Processes,Mt CO2/yr,7.561205465,
Reference,EDGAR AR6,CAF,Emissions|CH4,Mt CH4/yr,0.2760145195743295,
Reference,EDGAR AR6,CAF,Emissions|CO2|Energy and Industrial Processes,Mt CO2/yr,0.40249150419999996,
Reference,EDGAR AR6,CAN,Emissions|CH4,Mt CH4/yr,4.384268656886215,
Reference,EDGAR AR6,CAN,Emissions|CO2|Energy and Industrial Processes,Mt CO2/yr,595.390060795375,
Reference,EDGAR AR6,CHE,Emissions|CH4,Mt CH4/yr,0.2046849538477792,
Reference,EDGAR AR6,CHE,Emissions|CO2|Energy and Industrial Processes,Mt CO2/yr,39.737085386370005,
Reference,EDGAR AR6,CHL,Emissions|CH4,Mt CH4/yr,0.9165180442903661,
Reference,EDGAR AR6,CHL,Emissions|CO2|Energy and Industrial Processes,Mt CO2/yr,90.58264128876,
Reference,EDGAR AR6,CHN,Emissions|CH4,Mt CH4/yr,67.14933590119806,
Reference,EDGAR AR6,CHN,Emissions|CO2|Energy and Industrial Processes,Mt CO2/yr,11503.857389538827,
Reference,EDGAR AR6,CIV,Emissions|CH4,Mt CH4/yr,0.5018574500417996,
Reference,EDGAR AR6,CIV,Emissions|CO2|Energy and Industrial Processes,Mt CO2/yr,12.53144200442,
Reference,EDGAR AR6,CMR,Emissions|CH4,Mt CH4/yr,0.8986723486232688,
Reference,EDGAR AR6,CMR,Emissions|CO2|Energy and Industrial Processes,Mt CO2/yr,9.836392546513,
Reference,EDGAR AR6,COD,Emissions|CH4,Mt CH4/yr,1.535300341731209,
Reference,EDGAR AR6,COD,Emissions|CO2|Energy and Industrial Processes,Mt CO2/yr,3.476267499796,
Reference,EDGAR AR6,COG,Emissions|CH4,Mt CH4/yr,0.5586823422844889,
Reference,EDGAR AR6,COG,Emissions|CO2|Energy and Industrial Processes,Mt CO2/yr,6.346506169334,
Reference,EDGAR AR6,COK,Emissions|CH4,Mt CH4/yr,0.0002937544269453854,
Reference,EDGAR AR6,COK,Emissions|CO2|Energy and Industrial Processes,Mt CO2/yr,0.05654464823,
Reference,EDGAR AR6,COL,Emissions|CH4,Mt CH4/yr,3.3399356447869395,
Reference,EDGAR AR6,COL,Emissions|CO2|Energy and Industrial Processes,Mt CO2/yr,92.62320490274,
Reference,EDGAR AR6,COM,Emissions|CH4,Mt CH4/yr,0.017347816361371587,
Reference,EDGAR AR6,COM,Emissions|CO2|Energy and Industrial Processes,Mt CO2/yr,0.3018819782,
Reference,EDGAR AR6,CPV,Emissions|CH4,Mt CH4/yr,0.007118487751625204,
Reference,EDGAR AR6,CPV,Emissions|CO2|Energy and Industrial Processes,Mt CO2/yr,0.90021916784,
Reference,EDGAR AR6,CRI,Emissions|CH4,Mt CH4/yr,0.2029957918767226,
Reference,EDGAR AR6,CRI,Emissions|CO2|Energy and Industrial Processes,Mt CO2/yr,8.850280743899999,
Reference,EDGAR AR6,CUB,Emissions|CH4,Mt CH4/yr,0.5339678464576951,
Reference,EDGAR AR6,CUB,Emissions|CO2|Energy and Industrial Processes,Mt CO2/yr,26.184196523967,
Reference,EDGAR AR6,CYM,Emissions|CH4,Mt CH4/yr,0.0010846981804343927,
Reference,EDGAR AR6,CYM,Emissions|CO2|Energy and Industrial Processes,Mt CO2/yr,0.48832499665000006,
Reference,EDGAR AR6,CYP,Emissions|CH4,Mt CH4/yr,0.04011392915168663,
Reference,EDGAR AR6,CYP,Emissions|CO2|Energy and Industrial Processes,Mt CO2/yr,7.1602185645,
Reference,EDGAR AR6,CZE,Emissions|CH4,Mt CH4/yr,0.48907423139251494,
Reference,EDGAR AR6,CZE,Emissions|CO2|Energy and Industrial Processes,Mt CO2/yr,105.10701100046,
Reference,EDGAR AR6,DEU,Emissions|CH4,Mt CH4/yr,2.5127930596120516,
Reference,EDGAR AR6,DEU,Emissions|CO2|Energy and Industrial Processes,Mt CO2/yr,702.20055705449,
Reference,EDGAR AR6,DJI,Emissions|CH4,Mt CH4/yr,0.041250911238966174,
Reference,EDGAR AR6,DJI,Emissions|CO2|Energy and Industrial Processes,Mt CO2/yr,1.0172464704,
Reference,EDGAR AR6,DMA,Emissions|CH4,Mt CH4/yr,0.0021896611142225254,
Reference,EDGAR AR6,DMA,Emissions|CO2|Energy and Industrial Processes,Mt CO2/yr,0.17562950103000002,
Reference,EDGAR AR6,DNK,Emissions|CH4,Mt CH4/yr,0.34620354530495856,
Reference,EDGAR AR6,DNK,Emissions|CO2|Energy and Industrial Processes,Mt CO2/yr,30.269926095006298,
Reference,EDGAR AR6,DOM,Emissions|CH4,Mt CH4/yr,0.4622862186067361,
Reference,EDGAR AR6,DOM,Emissions|CO2|Energy and Industrial Processes,Mt CO2/yr,28.057073266015998,
Reference,EDGAR AR6,DZA,Emissions|CH4,Mt CH4/yr,3.2345793534714837,
Reference,EDGAR AR6,DZA,Emissions|CO2|Energy and Industrial Processes,Mt CO2/yr,176.62539063794,
Reference,EDGAR AR6,ECU,Emissions|CH4,Mt CH4/yr,0.8628907325385263,
Reference,EDGAR AR6,ECU,Emissions|CO2|Energy and Industrial Processes,Mt CO2/yr,40.00660253894,
Reference,EDGAR AR6,EGY,Emissions|CH4,Mt CH4/yr,2.6199830749812696,
Reference,EDGAR AR6,EGY,Emissions|CO2|Energy and Industrial Processes,Mt CO2/yr,282.3406451253,
Reference,EDGAR AR6,ERI,Emissions|CH4,Mt CH4/yr,0.1682742731789277,
Reference,EDGAR AR6,ERI,Emissions|CO2|Energy and Industrial Processes,Mt CO2/yr,0.8535529447,
Reference,EDGAR AR6,ESH,Emissions|CH4,Mt CH4/yr,0.014026009171985723,
Reference,EDGAR AR6,ESH,Emissions|CO2|Energy and Industrial Processes,Mt CO2/yr,0.2328135402,
Reference,EDGAR AR6,ESP,Emissions|CH4,Mt CH4/yr,1.7501567797544404,
Reference,EDGAR AR6,ESP,Emissions|CO2|Energy and Industrial Processes,Mt CO2/yr,255.83122515581,
Reference,EDGAR AR6,EST,Emissions|CH4,Mt CH4/yr,0.12784629153539182,
Reference,EDGAR AR6,EST,Emissions|CO2|Energy and Industrial Processes,Mt CO2/yr,16.2235201532336,
Reference,EDGAR AR6,ETH,Emissions|CH4,Mt CH4/yr,3.874347995480885,
Reference,EDGAR AR6,ETH,Emissions|CO2|Energy and Industrial Processes,Mt CO2/yr,19.083748556,
Reference,EDGAR AR6,FIN,Emissions|CH4,Mt CH4/yr,0.8140809183958193,
Reference,EDGAR AR6,FIN,Emissions|CO2|Energy and Industrial Processes,Mt CO2/yr,44.19622171872,
Reference,EDGAR AR6,FJI,Emissions|CH4,Mt CH4/yr,0.024217145623957093,
Reference,EDGAR AR6,FJI,Emissions|CO2|Energy and Industrial Processes,Mt CO2/yr,2.4293631293062,
Reference,EDGAR AR6,FLK,Emissions|CH4,Mt CH4/yr,0.003917649081152646,
Reference,EDGAR AR6,FLK,Emissions|CO2|Energy and Industrial Processes,Mt CO2/yr,0.034188137879000005,
Reference,EDGAR AR6,FRA,Emissions|CH4,Mt CH4/yr,2.67541685706357,
Reference,EDGAR AR6,FRA,Emissions|CO2|Energy and Industrial Processes,Mt CO2/yr,319.61344161769097,
Reference,EDGAR AR6,FRO,Emissions|CH4,Mt CH4/yr,0.0013962673027656065,
Reference,EDGAR AR6,FRO,Emissions|CO2|Energy and Industrial Processes,Mt CO2/yr,0.00194296191,
Reference,EDGAR AR6,FSM,Emissions|CH4,Mt CH4/yr,0.0013041991887099607,
Reference,EDGAR AR6,GAB,Emissions|CH4,Mt CH4/yr,0.4291903340906988,
Reference,EDGAR AR6,GAB,Emissions|CO2|Energy and Industrial Processes,Mt CO2/yr,6.2376607532129995,
Reference,EDGAR AR6,GBR,Emissions|CH4,Mt CH4/yr,1.8931623445395545,
Reference,EDGAR AR6,GBR,Emissions|CO2|Energy and Industrial Processes,Mt CO2/yr,359.419093444077,
Reference,EDGAR AR6,GEO,Emissions|CH4,Mt CH4/yr,0.14787964922593527,
Reference,EDGAR AR6,GEO,Emissions|CO2|Energy and Industrial Processes,Mt CO2/yr,11.0021101119632,
Reference,EDGAR AR6,GHA,Emissions|CH4,Mt CH4/yr,0.6457428942252242,
Reference,EDGAR AR6,GHA,Emissions|CO2|Energy and Industrial Processes,Mt CO2/yr,17.736271707699,
Reference,EDGAR AR6,GIB,Emissions|CH4,Mt CH4/yr,0.0005330388503878623,
Reference,EDGAR AR6,GIB,Emissions|CO2|Energy and Industrial Processes,Mt CO2/yr,0.7921971516000001,
Reference,EDGAR AR6,GIN,Emissions|CH4,Mt CH4/yr,0.6894910291210133,
Reference,EDGAR AR6,GIN,Emissions|CO2|Energy and Industrial Processes,Mt CO2/yr,3.0736941,
Reference,EDGAR AR6,GLP,Emissions|CH4,Mt CH4/yr,0.00968284926096261,
Reference,EDGAR AR6,GLP,Emissions|CO2|Energy and Industrial Processes,Mt CO2/yr,1.8157626333999999,
Reference,EDGAR AR6,GMB,Emissions|CH4,Mt CH4/yr,0.04925693105285382,
Reference,EDGAR AR6,GMB,Emissions|CO2|Energy and Industrial Processes,Mt CO2/yr,0.578521134403,
Reference,EDGAR AR6,GNB,Emissions|CH4,Mt CH4/yr,0.0784498699267685,
Reference,EDGAR AR6,GNB,Emissions|CO2|Energy and Industrial Processes,Mt CO2/yr,0.3234311094,
Reference,EDGAR AR6,GNQ,Emissions|CH4,Mt CH4/yr,0.3457349479229211,
Reference,EDGAR AR6,GNQ,Emissions|CO2|Energy and Industrial Processes,Mt CO2/yr,4.304794824199,
Reference,EDGAR AR6,GRC,Emissions|CH4,Mt CH4/yr,0.47384114699257956,
Reference,EDGAR AR6,GRC,Emissions|CO2|Energy and Industrial Processes,Mt CO2/yr,72.5047908046519,
Reference,EDGAR AR6,GRD,Emissions|CH4,Mt CH4/yr,0.001952271436287853,
Reference,EDGAR AR6,GRD,Emissions|CO2|Energy and Industrial Processes,Mt CO2/yr,0.21326885298,
Reference,EDGAR AR6,GRL,Emissions|CH4,Mt CH4/yr,0.0023771599070051466,
Reference,EDGAR AR6,GRL,Emissions|CO2|Energy and Industrial Processes,Mt CO2/yr,0.52053946584,
Reference,EDGAR AR6,GTM,Emissions|CH4,Mt CH4/yr,0.6439142342143573,
Reference,EDGAR AR6,GTM,Emissions|CO2|Energy and Industrial Processes,Mt CO2/yr,22.850840824084,
Reference,EDGAR AR6,GUF,Emissions|CH4,Mt CH4/yr,0.004808593624467707,
Reference,EDGAR AR6,GUF,Emissions|CO2|Energy and Industrial Processes,Mt CO2/yr,0.5223349747,
Reference,EDGAR AR6,GUM,Emissions|CH4,Mt CH4/yr,0.0021704734524392614,
Reference,EDGAR AR6,GUY,Emissions|CH4,Mt CH4/yr,0.06961883052595322,
Reference,EDGAR AR6,GUY,Emissions|CO2|Energy and Industrial Processes,Mt CO2/yr,1.7301507105999998,
Reference,EDGAR AR6,HKG,Emissions|CH4,Mt CH4/yr,0.1940037096746268,
Reference,EDGAR AR6,HKG,Emissions|CO2|Energy and Industrial Processes,Mt CO2/yr,42.746574139299994,
Reference,EDGAR AR6,HND,Emissions|CH4,Mt CH4/yr,0.35102160745376537,
Reference,EDGAR AR6,HND,Emissions|CO2|Energy and Industrial Processes,Mt CO2/yr,12.260373194,
Reference,EDGAR AR6,HRV,Emissions|CH4,Mt CH4/yr,0.170226442697118,
Reference,EDGAR AR6,HRV,Emissions|CO2|Energy and Industrial Processes,Mt CO2/yr,18.656673906877998,
Reference,EDGAR AR6,HTI,Emissions|CH4,Mt CH4/yr,0.3368509382232848,
Reference,EDGAR AR6,HTI,Emissions|CO2|Energy and Industrial Processes,Mt CO2/yr,3.44660005,
Reference,EDGAR AR6,HUN,Emissions|CH4,Mt CH4/yr,0.3212501692434627,
Reference,EDGAR AR6,HUN,Emissions|CO2|Energy and Industrial Processes,Mt CO2/yr,50.436550643989996,
Reference,EDGAR AR6,IDN,Emissions|CH4,Mt CH4/yr,15.01226474449094,
Reference,EDGAR AR6,IDN,Emissions|CO2|Energy and Industrial Processes,Mt CO2/yr,645.4163978393999,
Reference,EDGAR AR6,IND,Emissions|CH4,Mt CH4/yr,30.900624108186516,
Reference,EDGAR AR6,IND,Emissions|CO2|Energy and Industrial Processes,Mt CO2/yr,2563.66194823014,
Reference,EDGAR AR6,IRL,Emissions|CH4,Mt CH4/yr,0.7706190231375718,
Reference,EDGAR AR6,IRL,Emissions|CO2|Energy and Industrial Processes,Mt CO2/yr,36.6154854861021,
Reference,EDGAR AR6,IRN,Emissions|CH4,Mt CH4/yr,8.577873323232877,
Reference,EDGAR AR6,IRN,Emissions|CO2|Energy and Industrial Processes,Mt CO2/yr,685.91889506551,
Reference,EDGAR AR6,IRQ,Emissions|CH4,Mt CH4/yr,6.102179585881114,
Reference,EDGAR AR6,IRQ,Emissions|CO2|Energy and Industrial Processes,Mt CO2/yr,205.92792364546,
Reference,EDGAR AR6,ISL,Emissions|CH4,Mt CH4/yr,0.02061127075003721,
Reference,EDGAR AR6,ISL,Emissions|CO2|Energy and Industrial Processes,Mt CO2/yr,3.53636862560621,
Reference,EDGAR AR6,ISR,Emissions|CH4,Mt CH4/yr,0.48384130595046726,
Reference,EDGAR AR6,ISR,Emissions|CO2|Energy and Industrial Processes,Mt CO2/yr,69.53049428562001,
Reference,EDGAR AR6,ITA,Emissions|CH4,Mt CH4/yr,1.6375536167487101,
Reference,EDGAR AR6,ITA,Emissions|CO2|Energy and Industrial Processes,Mt CO2/yr,332.85542042055,
Reference,EDGAR AR6,JAM,Emissions|CH4,Mt CH4/yr,0.03809446802653557,
Reference,EDGAR AR6,JAM,Emissions|CO2|Energy and Industrial Processes,Mt CO2/yr,8.783705429062,
Reference,EDGAR AR6,JOR,Emissions|CH4,Mt CH4/yr,0.2271398609347602,
Reference,EDGAR AR6,JOR,Emissions|CO2|Energy and Industrial Processes,Mt CO2/yr,27.03700441401,
Reference,EDGAR AR6,JPN,Emissions|CH4,Mt CH4/yr,2.082231745275698,
Reference,EDGAR AR6,JPN,Emissions|CO2|Energy and Industrial Processes,Mt CO2/yr,1139.4905259555348,
Reference,EDGAR AR6,KAZ,Emissions|CH4,Mt CH4/yr,2.6749724008609,
Reference,EDGAR AR6,KAZ,Emissions|CO2|Energy and Industrial Processes,Mt CO2/yr,273.60678321848,
Reference,EDGAR AR6,KEN,Emissions|CH4,Mt CH4/yr,2.294595368970521,
Reference,EDGAR AR6,KEN,Emissions|CO2|Energy and Industrial Processes,Mt CO2/yr,19.040288730029,
Reference,EDGAR AR6,KGZ,Emissions|CH4,Mt CH4/yr,0.32305582939386157,
Reference,EDGAR AR6,KGZ,Emissions|CO2|Energy and Industrial Processes,Mt CO2/yr,10.943259136503,
Reference,EDGAR AR6,KHM,Emissions|CH4,Mt CH4/yr,1.024177475771651,
Reference,EDGAR AR6,KHM,Emissions|CO2|Energy and Industrial Processes,Mt CO2/yr,15.972015648,
Reference,EDGAR AR6,KIR,Emissions|CH4,Mt CH4/yr,0.0009438388477830782,
Reference,EDGAR AR6,KIR,Emissions|CO2|Energy and Industrial Processes,Mt CO2/yr,0.06502559344,
Reference,EDGAR AR6,KNA,Emissions|CH4,Mt CH4/yr,0.0015021982644158839,
Reference,EDGAR AR6,KNA,Emissions|CO2|Energy and Industrial Processes,Mt CO2/yr,0.16017045440000002,
Reference,EDGAR AR6,KOR,Emissions|CH4,Mt CH4/yr,1.6945160928671013,
Reference,EDGAR AR6,KOR,Emissions|CO2|Energy and Industrial Processes,Mt CO2/yr,663.0047763532757,
Reference,EDGAR AR6,KWT,Emissions|CH4,Mt CH4/yr,1.233062960480974,
Reference,EDGAR AR6,KWT,Emissions|CO2|Energy and Industrial Processes,Mt CO2/yr,98.35441130270999,
Reference,EDGAR AR6,LAO,Emissions|CH4,Mt CH4/yr,0.4399968203586411,
Reference,EDGAR AR6,LAO,Emissions|CO2|Energy and Industrial Processes,Mt CO2/yr,41.986697635,
Reference,EDGAR AR6,LBN,Emissions|CH4,Mt CH4/yr,0.15277476390529093,
Reference,EDGAR AR6,LBN,Emissions|CO2|Energy and Industrial Processes,Mt CO2/yr,28.02191420083,
Reference,EDGAR AR6,LBR,Emissions|CH4,Mt CH4/yr,0.09575023718407977,
Reference,EDGAR AR6,LBR,Emissions|CO2|Energy and Industrial Processes,Mt CO2/yr,1.393935199,
Reference,EDGAR AR6,LBY,Emissions|CH4,Mt CH4/yr,0.7697940440736655,
Reference,EDGAR AR6,LBY,Emissions|CO2|Energy and Industrial Processes,Mt CO2/yr,57.49198686113,
Reference,EDGAR AR6,LCA,Emissions|CH4,Mt CH4/yr,0.0027408542214107066,
Reference,EDGAR AR6,LCA,Emissions|CO2|Energy and Industrial Processes,Mt CO2/yr,0.3340139701512,
Reference,EDGAR AR6,LKA,Emissions|CH4,Mt CH4/yr,0.6281893024652695,
Reference,EDGAR AR6,LKA,Emissions|CO2|Energy and Industrial Processes,Mt CO2/yr,25.816089895999003,
Reference,EDGAR AR6,LSO,Emissions|CH4,Mt CH4/yr,0.06371084174931982,
Reference,EDGAR AR6,LSO,Emissions|CO2|Energy and Industrial Processes,Mt CO2/yr,0.7071007066,
Reference,EDGAR AR6,LTU,Emissions|CH4,Mt CH4/yr,0.15701912439119844,
Reference,EDGAR AR6,LTU,Emissions|CO2|Energy and Industrial Processes,Mt CO2/yr,13.905394423017,
Reference,EDGAR AR6,LUX,Emissions|CH4,Mt CH4/yr,0.022385380239583225,
Reference,EDGAR AR6,LUX,Emissions|CO2|Energy and Industrial Processes,Mt CO2/yr,9.6426136296969,
Reference,EDGAR AR6,LVA,Emissions|CH4,Mt CH4/yr,0.097856213045879,
Reference,EDGAR AR6,LVA,Emissions|CO2|Energy and Industrial Processes,Mt CO2/yr,8.459444787537,
Reference,EDGAR AR6,MAC,Emissions|CH4,Mt CH4/yr,0.00410741001220325,
Reference,EDGAR AR6,MAC,Emissions|CO2|Energy and Industrial Processes,Mt CO2/yr,2.22894711041,
Reference,EDGAR AR6,MAR,Emissions|CH4,Mt CH4/yr,1.110948619955234,
Reference,EDGAR AR6,MAR,Emissions|CO2|Energy and Industrial Processes,Mt CO2/yr,72.120588012583,
Reference,EDGAR AR6,MDA,Emissions|CH4,Mt CH4/yr,0.09685293964680686,
Reference,EDGAR AR6,MDA,Emissions|CO2|Energy and Industrial Processes,Mt CO2/yr,8.2454632356868,
Reference,EDGAR AR6,MDG,Emissions|CH4,Mt CH4/yr,0.8381915568004586,
Reference,EDGAR AR6,MDG,Emissions|CO2|Energy and Industrial Processes,Mt CO2/yr,4.687069070000001,
Reference,EDGAR AR6,MDV,Emissions|CH4,Mt CH4/yr,0.006177883961651586,
Reference,EDGAR AR6,MDV,Emissions|CO2|Energy and Industrial Processes,Mt CO2/yr,1.70233099264,
Reference,EDGAR AR6,MEX,Emissions|CH4,Mt CH4/yr,6.676842194163588,
Reference,EDGAR AR6,MEX,Emissions|CO2|Energy and Industrial Processes,Mt CO2/yr,487.5697281532,
Reference,EDGAR AR6,MHL,Emissions|CH4,Mt CH4/yr,8.008161563275431e-05,
Reference,EDGAR AR6,MKD,Emissions|CH4,Mt CH4/yr,0.06103383676617405,
Reference,EDGAR AR6,MKD,Emissions|CO2|Energy and Industrial Processes,Mt CO2/yr,8.62803782346333,
Reference,EDGAR AR6,MLI,Emissions|CH4,Mt CH4/yr,1.0616221688516445,
Reference,EDGAR AR6,MLI,Emissions|CO2|Energy and Industrial Processes,Mt CO2/yr,3.8568264930000002,
Reference,EDGAR AR6,MLT,Emissions|CH4,Mt CH4/yr,0.005660066808108475,
Reference,EDGAR AR6,MLT,Emissions|CO2|Energy and Industrial Processes,Mt CO2/yr,1.640712779317,
Reference,EDGAR AR6,MMR,Emissions|CH4,Mt CH4/yr,3.610645324042255,
Reference,EDGAR AR6,MMR,Emissions|CO2|Energy and Industrial Processes,Mt CO2/yr,37.8971091365091,
Reference,EDGAR AR6,MNG,Emissions|CH4,Mt CH4/yr,1.2926047482986045,
Reference,EDGAR AR6,MNG,Emissions|CO2|Energy and Industrial Processes,Mt CO2/yr,38.41953461720399,
Reference,EDGAR AR6,MNP,Emissions|CH4,Mt CH4/yr,0.000125053929629177,
Reference,EDGAR AR6,MOZ,Emissions|CH4,Mt CH4/yr,0.7510354098378229,
Reference,EDGAR AR6,MOZ,Emissions|CO2|Energy and Industrial Processes,Mt CO2/yr,11.22106221253637,
Reference,EDGAR AR6,MRT,Emissions|CH4,Mt CH4/yr,0.3076045917915712,
Reference,EDGAR AR6,MRT,Emissions|CO2|Energy and Industrial Processes,Mt CO2/yr,2.95025373040324,
Reference,EDGAR AR6,MSR,Emissions|CH4,Mt CH4/yr,0.0008159113088846864,
Reference,EDGAR AR6,MTQ,Emissions|CH4,Mt CH4/yr,0.0046792262625544884,
Reference,EDGAR AR6,MTQ,Emissions|CO2|Energy and Industrial Processes,Mt CO2/yr,2.0395534536141002,
Reference,EDGAR AR6,MUS,Emissions|CH4,Mt CH4/yr,0.023166910104375014,
Reference,EDGAR AR6,MUS,Emissions|CO2|Energy and Industrial Processes,Mt CO2/yr,3.9995636339000002,
Reference,EDGAR AR6,MWI,Emissions|CH4,Mt CH4/yr,0.3131784078317211,
Reference,EDGAR AR6,MWI,Emissions|CO2|Energy and Industrial Processes,Mt CO2/yr,1.5182031016906212,
Reference,EDGAR AR6,MYS,Emissions|CH4,Mt CH4/yr,2.133746497545348,
Reference,EDGAR AR6,MYS,Emissions|CO2|Energy and Industrial Processes,Mt CO2/yr,264.6847454683,
Reference,EDGAR AR6,MYT,Emissions|CH4,Mt CH4/yr,0.0012446290739682702,
Reference,EDGAR AR6,NAM,Emissions|CH4,Mt CH4/yr,0.21306390482754012,
Reference,EDGAR AR6,NAM,Emissions|CO2|Energy and Industrial Processes,Mt CO2/yr,4.3183102093,
Reference,EDGAR AR6,NCL,Emissions|CH4,Mt CH4/yr,0.007605820921661298,
Reference,EDGAR AR6,NCL,Emissions|CO2|Energy and Industrial Processes,Mt CO2/yr,7.4010229573999995,
Reference,EDGAR AR6,NER,Emissions|CH4,Mt CH4/yr,0.9369060681637116,
Reference,EDGAR AR6,NER,Emissions|CO2|Energy and Industrial Processes,Mt CO2/yr,2.401085732285,
Reference,EDGAR AR6,NGA,Emissions|CH4,Mt CH4/yr,8.473537151684996,
Reference,EDGAR AR6,NGA,Emissions|CO2|Energy and Industrial Processes,Mt CO2/yr,133.46547692498999,
Reference,EDGAR AR6,NIC,Emissions|CH4,Mt CH4/yr,0.39360843578134985,
Reference,EDGAR AR6,NIC,Emissions|CO2|Energy and Industrial Processes,Mt CO2/yr,5.796920341832,
Reference,EDGAR AR6,NIU,Emissions|CH4,Mt CH4/yr,4.144639246817591e-05,
Reference,EDGAR AR6,NLD,Emissions|CH4,Mt CH4/yr,0.7960579108958206,
Reference,EDGAR AR6,NLD,Emissions|CO2|Energy and Industrial Processes,Mt CO2/yr,157.82150965102372,
Reference,EDGAR AR6,NOR,Emissions|CH4,Mt CH4/yr,0.8177036013065371,
Reference,EDGAR AR6,NOR,Emissions|CO2|Energy and Industrial Processes,Mt CO2/yr,43.325450737645,
Reference,EDGAR AR6,NPL,Emissions|CH4,Mt CH4/yr,1.2314860501076044,
Reference,EDGAR AR6,NPL,Emissions|CO2|Energy and Industrial Processes,Mt CO2/yr,18.043703356199998,
Reference,EDGAR AR6,NRU,Emissions|CH4,Mt CH4/yr,0.00011871297973915843,
Reference,EDGAR AR6,NZL,Emissions|CH4,Mt CH4/yr,1.354588233534863,
Reference,EDGAR AR6,NZL,Emissions|CO2|Energy and Industrial Processes,Mt CO2/yr,37.31183670235,
Reference,EDGAR AR6,OMN,Emissions|CH4,Mt CH4/yr,1.3003750949988662,
Reference,EDGAR AR6,OMN,Emissions|CO2|Energy and Industrial Processes,Mt CO2/yr,87.38956916667,
Reference,EDGAR AR6,PAK,Emissions|CH4,Mt CH4/yr,8.898719951690598,
Reference,EDGAR AR6,PAK,Emissions|CO2|Energy and Industrial Processes,Mt CO2/yr,217.9601480374,
Reference,EDGAR AR6,PAN,Emissions|CH4,Mt CH4/yr,0.1807771305566881,
Reference,EDGAR AR6,PAN,Emissions|CO2|Energy and Industrial Processes,Mt CO2/yr,10.665401643,
Reference,EDGAR AR6,PER,Emissions|CH4,Mt CH4/yr,1.2386698806651484,
Reference,EDGAR AR6,PER,Emissions|CO2|Energy and Industrial Processes,Mt CO2/yr,55.0816277648,
Reference,EDGAR AR6,PHL,Emissions|CH4,Mt CH4/yr,3.052010574055581,
Reference,EDGAR AR6,PHL,Emissions|CO2|Energy and Industrial Processes,Mt CO2/yr,150.10131421759002,
Reference,EDGAR AR6,PLW,Emissions|CH4,Mt CH4/yr,0.000857143202999165,
Reference,EDGAR AR6,PLW,Emissions|CO2|Energy and Industrial Processes,Mt CO2/yr,1.26816817463771,
Reference,EDGAR AR6,PNG,Emissions|CH4,Mt CH4/yr,0.34312359554805444,
Reference,EDGAR AR6,PNG,Emissions|CO2|Energy and Industrial Processes,Mt CO2/yr,7.35487478484,
Reference,EDGAR AR6,POL,Emissions|CH4,Mt CH4/yr,2.4841726678022598,
Reference,EDGAR AR6,POL,Emissions|CO2|Energy and Industrial Processes,Mt CO2/yr,312.91732357730996,
Reference,EDGAR AR6,PRI,Emissions|CH4,Mt CH4/yr,0.08080961343012198,
Reference,EDGAR AR6,PRI,Emissions|CO2|Energy and Industrial Processes,Mt CO2/yr,4.16568847824,
Reference,EDGAR AR6,PRK,Emissions|CH4,Mt CH4/yr,0.8543606350348103,
Reference,EDGAR AR6,PRK,Emissions|CO2|Energy and Industrial Processes,Mt CO2/yr,32.400907716023,
Reference,EDGAR AR6,PRT,Emissions|CH4,Mt CH4/yr,0.3827670460859753,
Reference,EDGAR AR6,PRT,Emissions|CO2|Energy and Industrial Processes,Mt CO2/yr,47.828654434488605,
Reference,EDGAR AR6,PRY,Emissions|CH4,Mt CH4/yr,0.9641398132785477,
Reference,EDGAR AR6,PRY,Emissions|CO2|Energy and Industrial Processes,Mt CO2/yr,8.9502734815,
Reference,EDGAR AR6,PYF,Emissions|CH4,Mt CH4/yr,0.004293468249005021,
Reference,EDGAR AR6,PYF,Emissions|CO2|Energy and Industrial Processes,Mt CO2/yr,0.9586917329,
Reference,EDGAR AR6,QAT,Emissions|CH4,Mt CH4/yr,2.9255455579066143,
Reference,EDGAR AR6,QAT,Emissions|CO2|Energy and Industrial Processes,Mt CO2/yr,108.57108305647,
Reference,EDGAR AR6,REU,Emissions|CH4,Mt CH4/yr,0.009350725057553518,
Reference,EDGAR AR6,REU,Emissions|CO2|Energy and Industrial Processes,Mt CO2/yr,2.9013640569000003,
Reference,EDGAR AR6,ROU,Emissions|CH4,Mt CH4/yr,0.8623105741179725,
Reference,EDGAR AR6,ROU,Emissions|CO2|Energy and Industrial Processes,Mt CO2/yr,80.7705427683324,
Reference,EDGAR AR6,RUS,Emissions|CH4,Mt CH4/yr,16.559709246417395,
Reference,EDGAR AR6,RUS,Emissions|CO2|Energy and Industrial Processes,Mt CO2/yr,1777.9123534633,
Reference,EDGAR AR6,RWA,Emissions|CH4,Mt CH4/yr,0.16271588396027406,
Reference,EDGAR AR6,RWA,Emissions|CO2|Energy and Industrial Processes,Mt CO2/yr,1.1841931018,
Reference,EDGAR AR6,SAU,Emissions|CH4,Mt CH4/yr,4.308155398631964,
Reference,EDGAR AR6,SAU,Emissions|CO2|Energy and Industrial Processes,Mt CO2/yr,593.3273526362,
Reference,EDGAR AR6,SCG,Emissions|CH4,Mt CH4/yr,0.38065364061335466,
Reference,EDGAR AR6,SCG,Emissions|CO2|Energy and Industrial Processes,Mt CO2/yr,89.71926212855,
Reference,EDGAR AR6,SDN,Emissions|CH4,Mt CH4/yr,3.104181749992026,
Reference,EDGAR AR6,SDN,Emissions|CO2|Energy and Industrial Processes,Mt CO2/yr,23.60422647842,
Reference,EDGAR AR6,SEA,Emissions|CH4,Mt CH4/yr,0.5368518601868278,
Reference,EDGAR AR6,SEA,Emissions|CO2|Energy and Industrial Processes,Mt CO2/yr,773.713837570244,
Reference,EDGAR AR6,SEN,Emissions|CH4,Mt CH4/yr,0.4075611150038273,
Reference,EDGAR AR6,SEN,Emissions|CO2|Energy and Industrial Processes,Mt CO2/yr,10.937396811601,
Reference,EDGAR AR6,SGP,Emissions|CH4,Mt CH4/yr,0.20437070543476912,
Reference,EDGAR AR6,SGP,Emissions|CO2|Energy and Industrial Processes,Mt CO2/yr,56.701926421,
Reference,EDGAR AR6,SHN,Emissions|CH4,Mt CH4/yr,0.00011495430763682075,
Reference,EDGAR AR6,SHN,Emissions|CO2|Energy and Industrial Processes,Mt CO2/yr,0.01690943937637,
Reference,EDGAR AR6,SLB,Emissions|CH4,Mt CH4/yr,0.007674766671953986,
Reference,EDGAR AR6,SLB,Emissions|CO2|Energy and Industrial Processes,Mt CO2/yr,0.31217162005,
Reference,EDGAR AR6,SLE,Emissions|CH4,Mt CH4/yr,0.19807050584693905,
Reference,EDGAR AR6,SLE,Emissions|CO2|Energy and Industrial Processes,Mt CO2/yr,1.107509951,
Reference,EDGAR AR6,SLV,Emissions|CH4,Mt CH4/yr,0.13623545743164392,
Reference,EDGAR AR6,SLV,Emissions|CO2|Energy and Industrial Processes,Mt CO2/yr,7.6801088145,
Reference,EDGAR AR6,SOM,Emissions|CH4,Mt CH4/yr,0.8648174697352168,
Reference,EDGAR AR6,SOM,Emissions|CO2|Energy and Industrial Processes,Mt CO2/yr,0.9287468325,
Reference,EDGAR AR6,SPM,Emissions|CH4,Mt CH4/yr,0.00020667310365057547,
Reference,EDGAR AR6,SPM,Emissions|CO2|Energy and Industrial Processes,Mt CO2/yr,0.052502990694,
Reference,EDGAR AR6,STP,Emissions|CH4,Mt CH4/yr,0.002769589207005564,
Reference,EDGAR AR6,STP,Emissions|CO2|Energy and Industrial Processes,Mt CO2/yr,0.1543437788834,
Reference,EDGAR AR6,SUR,Emissions|CH4,Mt CH4/yr,0.034799059719103693,
Reference,EDGAR AR6,SUR,Emissions|CO2|Energy and Industrial Processes,Mt CO2/yr,1.902011807938,
Reference,EDGAR AR6,SVK,Emissions|CH4,Mt CH4/yr,0.2368248002915243,
Reference,EDGAR AR6,SVK,Emissions|CO2|Energy and Industrial Processes,Mt CO2/yr,34.65081003464,
Reference,EDGAR AR6,SVN,Emissions|CH4,Mt CH4/yr,0.1356141080778982,
Reference,EDGAR AR6,SVN,Emissions|CO2|Energy and Industrial Processes,Mt CO2/yr,15.235757266099,
Reference,EDGAR AR6,SWE,Emissions|CH4,Mt CH4/yr,0.46233350622230623,
Reference,EDGAR AR6,SWE,Emissions|CO2|Energy and Industrial Processes,Mt CO2/yr,44.676606120412295,
Reference,EDGAR AR6,SWZ,Emissions|CH4,Mt CH4/yr,0.047319183043388655,
Reference,EDGAR AR6,SWZ,Emissions|CO2|Energy and Industrial Processes,Mt CO2/yr,1.5712424876136601,
Reference,EDGAR AR6,SYC,Emissions|CH4,Mt CH4/yr,0.002479376743404376,
Reference,EDGAR AR6,SYC,Emissions|CO2|Energy and Industrial Processes,Mt CO2/yr,1.2034636453,
Reference,EDGAR AR6,SYR,Emissions|CH4,Mt CH4/yr,0.39330873552451945,
Reference,EDGAR AR6,SYR,Emissions|CO2|Energy and Industrial Processes,Mt CO2/yr,26.2021844544805,
Reference,EDGAR AR6,TCA,Emissions|CH4,Mt CH4/yr,0.00040846620050156594,
Reference,EDGAR AR6,TCA,Emissions|CO2|Energy and Industrial Processes,Mt CO2/yr,0.22030405771999997,
Reference,EDGAR AR6,TCD,Emissions|CH4,Mt CH4/yr,2.0994289936507164,
Reference,EDGAR AR6,TCD,Emissions|CO2|Energy and Industrial Processes,Mt CO2/yr,0.8574784994870001,
Reference,EDGAR AR6,TGO,Emissions|CH4,Mt CH4/yr,0.20168702077923698,
Reference,EDGAR AR6,TGO,Emissions|CO2|Energy and Industrial Processes,Mt CO2/yr,3.0892909909,
Reference,EDGAR AR6,THA,Emissions|CH4,Mt CH4/yr,4.562206567402484,
Reference,EDGAR AR6,THA,Emissions|CO2|Energy and Industrial Processes,Mt CO2/yr,269.12322329579996,
Reference,EDGAR AR6,TJK,Emissions|CH4,Mt CH4/yr,0.3460942803851983,
Reference,EDGAR AR6,TJK,Emissions|CO2|Energy and Industrial Processes,Mt CO2/yr,8.31672858301484,
Reference,EDGAR AR6,TKL,Emissions|CH4,Mt CH4/yr,1.0086754136290375e-05,
Reference,EDGAR AR6,TKM,Emissions|CH4,Mt CH4/yr,1.7887184306115387,
Reference,EDGAR AR6,TKM,Emissions|CO2|Energy and Industrial Processes,Mt CO2/yr,81.37762951085,
Reference,EDGAR AR6,TLS,Emissions|CH4,Mt CH4/yr,0.15493748359087328,
Reference,EDGAR AR6,TLS,Emissions|CO2|Energy and Industrial Processes,Mt CO2/yr,1.032250137713,
Reference,EDGAR AR6,TON,Emissions|CH4,Mt CH4/yr,0.003186930679544251,
Reference,EDGAR AR6,TON,Emissions|CO2|Energy and Industrial Processes,Mt CO2/yr,0.12647315159,
Reference,EDGAR AR6,TTO,Emissions|CH4,Mt CH4/yr,0.5755826444102702,
Reference,EDGAR AR6,TTO,Emissions|CO2|Energy and Industrial Processes,Mt CO2/yr,33.22759794703,
Reference,EDGAR AR6,TUN,Emissions|CH4,Mt CH4/yr,0.3543878563365162,
Reference,EDGAR AR6,TUN,Emissions|CO2|Energy and Industrial Processes,Mt CO2/yr,30.701097453545998,
Reference,EDGAR AR6,TUR,Emissions|CH4,Mt CH4/yr,3.68080627638219,
Reference,EDGAR AR6,TUR,Emissions|CO2|Energy and Industrial Processes,Mt CO2/yr,413.6527630411753,
Reference,EDGAR AR6,TUV,Emissions|CH4,Mt CH4/yr,0.00019350012269251453,
Reference,EDGAR AR6,TWN,Emissions|CH4,Mt CH4/yr,0.637614864071566,
Reference,EDGAR AR6,TWN,Emissions|CO2|Energy and Industrial Processes,Mt CO2/yr,283.84303667232,
Reference,EDGAR AR6,TZA,Emissions|CH4,Mt CH4/yr,1.8529982606345898,
Reference,EDGAR AR6,TZA,Emissions|CO2|Energy and Industrial Processes,Mt CO2/yr,12.759078854276,
Reference,EDGAR AR6,UGA,Emissions|CH4,Mt CH4/yr,1.2066340095567636,
Reference,EDGAR AR6,UGA,Emissions|CO2|Energy and Industrial Processes,Mt CO2/yr,6.204175149,
Reference,EDGAR AR6,UKR,Emissions|CH4,Mt CH4/yr,1.89435547839968,
Reference,EDGAR AR6,UKR,Emissions|CO2|Energy and Industrial Processes,Mt CO2/yr,196.796550819951,
Reference,EDGAR AR6,URY,Emissions|CH4,Mt CH4/yr,0.99772871786846,
Reference,EDGAR AR6,URY,Emissions|CO2|Energy and Industrial Processes,Mt CO2/yr,6.747535964037401,
Reference,EDGAR AR6,USA,Emissions|CH4,Mt CH4/yr,26.145176932525082,
Reference,EDGAR AR6,USA,Emissions|CO2|Energy and Industrial Processes,Mt CO2/yr,5036.0467383349105,
Reference,EDGAR AR6,UZB,Emissions|CH4,Mt CH4/yr,2.489827587837114,
Reference,EDGAR AR6,UZB,Emissions|CO2|Energy and Industrial Processes,Mt CO2/yr,90.77022678539001,
Reference,EDGAR AR6,VCT,Emissions|CH4,Mt CH4/yr,0.0019806127054413,
Reference,EDGAR AR6,VCT,Emissions|CO2|Energy and Industrial Processes,Mt CO2/yr,0.13386520780150002,
Reference,EDGAR AR6,VEN,Emissions|CH4,Mt CH4/yr,2.345323045986389,
Reference,EDGAR AR6,VEN,Emissions|CO2|Energy and Industrial Processes,Mt CO2/yr,108.783070461,
Reference,EDGAR AR6,VGB,Emissions|CH4,Mt CH4/yr,0.0004928071363080423,
Reference,EDGAR AR6,VGB,Emissions|CO2|Energy and Industrial Processes,Mt CO2/yr,0.16395683861000002,
Reference,EDGAR AR6,VIR,Emissions|CH4,Mt CH4/yr,0.0020576483498086847,
Reference,EDGAR AR6,VNM,Emissions|CH4,Mt CH4/yr,4.563461991257675,
Reference,EDGAR AR6,VNM,Emissions|CO2|Energy and Industrial Processes,Mt CO2/yr,328.17971834379,
Reference,EDGAR AR6,VUT,Emissions|CH4,Mt CH4/yr,0.016170381276952844,
Reference,EDGAR AR6,VUT,Emissions|CO2|Energy and Industrial Processes,Mt CO2/yr,0.1766159519,
Reference,EDGAR AR6,WLF,Emissions|CH4,Mt CH4/yr,0.00021144522848530313,
Reference,EDGAR AR6,WSM,Emissions|CH4,Mt CH4/yr,0.006884544019051913,
Reference,EDGAR AR6,WSM,Emissions|CO2|Energy and Industrial Processes,Mt CO2/yr,0.36310441884999994,
Reference,EDGAR AR6,YEM,Emissions|CH4,Mt CH4/yr,0.4609448820959406,
Reference,EDGAR AR6,YEM,Emissions|CO2|Energy and Industrial Processes,Mt CO2/yr,10.643158019596699,
Reference,EDGAR AR6,ZAF,Emissions|CH4,Mt CH4/yr,3.3265712799786598,
Reference,EDGAR AR6,ZAF,Emissions|CO2|Energy and Industrial Processes,Mt CO2/yr,467.899326841251,
Reference,EDGAR AR6,ZMB,Emissions|CH4,Mt CH4/yr,0.48811410163435126,
Reference,EDGAR AR6,ZMB,Emissions|CO2|Energy and Industrial Processes,Mt CO2/yr,8.114895946055,
Reference,EDGAR AR6,ZWE,Emissions|CH4,Mt CH4/yr,0.5227483628369443,
Reference,EDGAR AR6,ZWE,Emissions|CO2|Energy and Industrial Processes,Mt CO2/yr,12.060569127,
Reference,IEA Energy Statistics (r2022),AGO,Secondary Energy|Electricity|Nuclear,EJ/yr,,0.0
Reference,IEA Energy Statistics (r2022),ALB,Secondary Energy|Electricity|Nuclear,EJ/yr,,0.0
Reference,IEA Energy Statistics (r2022),ALB,Secondary Energy|Electricity|Solar,EJ/yr,,0.00011615400000000001
Reference,IEA Energy Statistics (r2022),ALB,Secondary Energy|Electricity|Wind,EJ/yr,,0.0
Reference,IEA Energy Statistics (r2022),ARE,Secondary Energy|Electricity|Nuclear,EJ/yr,,0.0
Reference,IEA Energy Statistics (r2022),ARG,Primary Energy,EJ/yr,,3.0970581218
Reference,IEA Energy Statistics (r2022),ARG,Secondary Energy|Electricity|Nuclear,EJ/yr,,0.0385445664
Reference,IEA Energy Statistics (r2022),ARG,Secondary Energy|Electricity|Solar,EJ/yr,,0.004840560000000001
Reference,IEA Energy Statistics (r2022),ARG,Secondary Energy|Electricity|Wind,EJ/yr,,0.0338843988
Reference,IEA Energy Statistics (r2022),ARM,Secondary Energy|Electricity|Nuclear,EJ/yr,,0.009922680000000001
Reference,IEA Energy Statistics (r2022),ARM,Secondary Energy|Electricity|Solar,EJ/yr,,7.668e-05
Reference,IEA Energy Statistics (r2022),ARM,Secondary Energy|Electricity|Wind,EJ/yr,,6.840000000000001e-06
Reference,IEA Energy Statistics (r2022),AUS,Primary Energy,EJ/yr,,5.4824045357
Reference,IEA Energy Statistics (r2022),AUS,Secondary Energy|Electricity|Nuclear,EJ/yr,,0.0
Reference,IEA Energy Statistics (r2022),AUS,Secondary Energy|Electricity|Solar,EJ/yr,,0.0757194984
Reference,IEA Energy Statistics (r2022),AUS,Secondary Energy|Electricity|Wind,EJ/yr,,0.073425186
Reference,IEA Energy Statistics (r2022),AUT,Primary Energy,EJ/yr,,1.3160064981
Reference,IEA Energy Statistics (r2022),AUT,Secondary Energy|Electricity|Nuclear,EJ/yr,,0.0
Reference,IEA Energy Statistics (r2022),AUT,Secondary Energy|Electricity|Solar,EJ/yr,,0.0073545624
Reference,IEA Energy Statistics (r2022),AUT,Secondary Energy|Electricity|Wind,EJ/yr,,0.024449508000000002
Reference,IEA Energy Statistics (r2022),AZE,Secondary Energy|Electricity|Nuclear,EJ/yr,,0.0
Reference,IEA Energy Statistics (r2022),AZE,Secondary Energy|Electricity|Solar,EJ/yr,,0.00016920000000000002
Reference,IEA Energy Statistics (r2022),AZE,Secondary Energy|Electricity|Wind,EJ/yr,,0.00034596000000000003
Reference,IEA Energy Statistics (r2022),BEL,Primary Energy,EJ/yr,,2.1105239869
Reference,IEA Energy Statistics (r2022),BEL,Secondary Energy|Electricity|Nuclear,EJ/yr,,0.12396492
Reference,IEA Energy Statistics (r2022),BEL,Secondary Energy|Electricity|Solar,EJ/yr,,0.01789812
Reference,IEA Energy Statistics (r2022),BEL,Secondary Energy|Electricity|Wind,EJ/yr,,0.046336680000000005
Reference,IEA Energy Statistics (r2022),BEN,Primary Energy,EJ/yr,,0.23257635059999998
Reference,IEA Energy Statistics (r2022),BEN,Secondary Energy|Electricity|Nuclear,EJ/yr,,0.0
Reference,IEA Energy Statistics (r2022),BEN,Secondary Energy|Electricity|Solar,EJ/yr,,2.6769600000000002e-05
Reference,IEA Energy Statistics (r2022),BEN,Secondary Energy|Electricity|Wind,EJ/yr,,0.0
Reference,IEA Energy Statistics (r2022),BGD,Secondary Energy|Electricity|Nuclear,EJ/yr,,0.0
Reference,IEA Energy Statistics (r2022),BGR,Secondary Energy|Electricity|Nuclear,EJ/yr,,0.05985275400000001
Reference,IEA Energy Statistics (r2022),BGR,Secondary Energy|Electricity|Solar,EJ/yr,,0.005303588400000001
Reference,IEA Energy Statistics (r2022),BGR,Secondary Energy|Electricity|Wind,EJ/yr,,0.005317671600000001
Reference,IEA Energy Statistics (r2022),BHR,Secondary Energy|Electricity|Nuclear,EJ/yr,,0.0
Reference,IEA Energy Statistics (r2022),BIH,Secondary Energy|Electricity|Nuclear,EJ/yr,,0.0
Reference,IEA Energy Statistics (r2022),BIH,Secondary Energy|Electricity|Solar,EJ/yr,,0.00016560000000000001
Reference,IEA Energy Statistics (r2022),BIH,Secondary Energy|Electricity|Wind,EJ/yr,,0.0009432
Reference,IEA Energy Statistics (r2022),BLR,Secondary Energy|Electricity|Nuclear,EJ/yr,,0.0
Reference,IEA Energy Statistics (r2022),BLR,Secondary Energy|Electricity|Solar,EJ/yr,,0.00063
Reference,IEA Energy Statistics (r2022),BLR,Secondary Energy|Electricity|Wind,EJ/yr,,0.0006984000000000001
Reference,IEA Energy Statistics (r2022),BRA,Primary Energy,EJ/yr,,11.980308145999999
Reference,IEA Energy Statistics (r2022),BRA,Secondary Energy|Electricity|Nuclear,EJ/yr,,0.0505893528
Reference,IEA Energy Statistics (r2022),BRA,Secondary Energy|Electricity|Solar,EJ/yr,,0.038699308800000005
Reference,IEA Energy Statistics (r2022),BRA,Secondary Energy|Electricity|Wind,EJ/yr,,0.20538254520000002
Reference,IEA Energy Statistics (r2022),BRN,Secondary Energy|Electricity|Nuclear,EJ/yr,,0.0
Reference,IEA Energy Statistics (r2022),BWA,Secondary Energy|Electricity|Nuclear,EJ/yr,,0.0
Reference,IEA Energy Statistics (r2022),BWA,Secondary Energy|Electricity|Solar,EJ/yr,,1.63188e-05
Reference,IEA Energy Statistics (r2022),BWA,Secondary Energy|Electricity|Wind,EJ/yr,,0.0
Reference,IEA Energy Statistics (r2022),CAN,Primary Energy,EJ/yr,,12.0391946757
Reference,IEA Energy Statistics (r2022),CAN,Secondary Energy|Electricity|Nuclear,EJ/yr,,0.35355960000000003
Reference,IEA Energy Statistics (r2022),CAN,Secondary Energy|Electricity|Solar,EJ/yr,,0.015408000000000002
Reference,IEA Energy Statistics (r2022),CAN,Secondary Energy|Electricity|Wind,EJ/yr,,0.12996000000000002
Reference,IEA Energy Statistics (r2022),CHE,Primary Energy,EJ/yr,,0.96954849
Reference,IEA Energy Statistics (r2022),CHE,Secondary Energy|Electricity|Nuclear,EJ/yr,,0.08648838
Reference,IEA Energy Statistics (r2022),CHE,Secondary Energy|Electricity|Solar,EJ/yr,,0.009073548
Reference,IEA Energy Statistics (r2022),CHE,Secondary Energy|Electricity|Wind,EJ/yr,,0.00052074
Reference,IEA Energy Statistics (r2022),CHL,Primary Energy,EJ/yr,,1.592781724
Reference,IEA Energy Statistics (r2022),CHL,Secondary Energy|Electricity|Nuclear,EJ/yr,,0.0
Reference,IEA Energy Statistics (r2022),CHL,Secondary Energy|Electricity|Solar,EJ/yr,,0.0274275468
Reference,IEA Energy Statistics (r2022),CHL,Secondary Energy|Electricity|Wind,EJ/yr,,0.0198878184
Reference,IEA Energy Statistics (r2022),CHN,Secondary Energy|Electricity|Nuclear,EJ/yr,,1.3184892000000001
Reference,IEA Energy Statistics (r2022),CHN,Secondary Energy|Electricity|Solar,EJ/yr,,0.9757260000000001
Reference,IEA Energy Statistics (r2022),CHN,Secondary Energy|Electricity|Wind,EJ/yr,,1.6962300000000001
Reference,IEA Energy Statistics (r2022),CMR,Secondary Energy|Electricity|Nuclear,EJ/yr,,0.0
Reference,IEA Energy Statistics (r2022),COG,Secondary Energy|Electricity|Nuclear,EJ/yr,,0.0
Reference,IEA Energy Statistics (r2022),COL,Primary Energy,EJ/yr,,1.60139053
Reference,IEA Energy Statistics (r2022),COL,Secondary Energy|Electricity|Nuclear,EJ/yr,,0.0
Reference,IEA Energy Statistics (r2022),COL,Secondary Energy|Electricity|Solar,EJ/yr,,0.0006868656
Reference,IEA Energy Statistics (r2022),COL,Secondary Energy|Electricity|Wind,EJ/yr,,0.00022796640000000002
Reference,IEA Energy Statistics (r2022),CRI,Secondary Energy|Electricity|Nuclear,EJ/yr,,0.0
Reference,IEA Energy Statistics (r2022),CRI,Secondary Energy|Electricity|Solar,EJ/yr,,0.000235242
Reference,IEA Energy Statistics (r2022),CRI,Secondary Energy|Electricity|Wind,EJ/yr,,0.0052539912000000005
Reference,IEA Energy Statistics (r2022),CUB,Secondary Energy|Electricity|Nuclear,EJ/yr,,0.0
Reference,IEA Energy Statistics (r2022),CYP,Secondary Energy|Electricity|Nuclear,EJ/yr,,0.0
Reference,IEA Energy Statistics (r2022),CYP,Secondary Energy|Electricity|Solar,EJ/yr,,0.00117504
Reference,IEA Energy Statistics (r2022),CYP,Secondary Energy|Electricity|Wind,EJ/yr,,0.0008640000000000001
Reference,IEA Energy Statistics (r2022),CZE,Primary Energy,EJ/yr,,1.6806886309
Reference,IEA Energy Statistics (r2022),CZE,Secondary Energy|Electricity|Nuclear,EJ/yr,,0.108155808
Reference,IEA Energy Statistics (r2022),CZE,Secondary Energy|Electricity|Solar,EJ/yr,,0.0080464356
Reference,IEA Energy Statistics (r2022),CZE,Secondary Energy|Electricity|Wind,EJ/yr,,0.0025166988
Reference,IEA Energy Statistics (r2022),DEU,Primary Energy,EJ/yr,,11.5928375622
Reference,IEA Energy Statistics (r2022),DEU,Secondary Energy|Electricity|Nuclear,EJ/yr,,0.23177520000000001
Reference,IEA Energy Statistics (r2022),DEU,Secondary Energy|Electricity|Solar,EJ/yr,,0.18216000000000002
Reference,IEA Energy Statistics (r2022),DEU,Secondary Energy|Electricity|Wind,EJ/yr,,0.47147400000000006
Reference,IEA Energy Statistics (r2022),DNK,Primary Energy,EJ/yr,,0.6430791199
Reference,IEA Energy Statistics (r2022),DNK,Secondary Energy|Electricity|Nuclear,EJ/yr,,0.0
Reference,IEA Energy Statistics (r2022),DNK,Secondary Energy|Electricity|Solar,EJ/yr,,0.0042519024
Reference,IEA Energy Statistics (r2022),DNK,Secondary Energy|Electricity|Wind,EJ/yr,,0.058872060000000004
Reference,IEA Energy Statistics (r2022),DOM,Secondary Energy|Electricity|Nuclear,EJ/yr,,0.0
Reference,IEA Energy Statistics (r2022),DZA,Secondary Energy|Electricity|Nuclear,EJ/yr,,0.0
Reference,IEA Energy Statistics (r2022),ECU,Secondary Energy|Electricity|Nuclear,EJ/yr,,0.0
Reference,IEA Energy Statistics (r2022),ECU,Secondary Energy|Electricity|Solar,EJ/yr,,0.000135954
Reference,IEA Energy Statistics (r2022),ECU,Secondary Energy|Electricity|Wind,EJ/yr,,0.0002775744
Reference,IEA Energy Statistics (r2022),EGY,Secondary Energy|Electricity|Nuclear,EJ/yr,,0.0
Reference,IEA Energy Statistics (r2022),ERI,Secondary Energy|Electricity|Nuclear,EJ/yr,,0.0
Reference,IEA Energy Statistics (r2022),ESP,Primary Energy,EJ/yr,,4.55367137
Reference,IEA Energy Statistics (r2022),ESP,Secondary Energy|Electricity|Nuclear,EJ/yr,,0.20980440000000003
Reference,IEA Energy Statistics (r2022),ESP,Secondary Energy|Electricity|Solar,EJ/yr,,0.07395840000000001
Reference,IEA Energy Statistics (r2022),ESP,Secondary Energy|Electricity|Wind,EJ/yr,,0.2025828
Reference,IEA Energy Statistics (r2022),EST,Primary Energy,EJ/yr,,0.21145366829999998
Reference,IEA Energy Statistics (r2022),EST,Secondary Energy|Electricity|Nuclear,EJ/yr,,0.0
Reference,IEA Energy Statistics (r2022),EST,Secondary Energy|Electricity|Solar,EJ/yr,,0.00042840000000000006
Reference,IEA Energy Statistics (r2022),EST,Secondary Energy|Electricity|Wind,EJ/yr,,0.0030384
Reference,IEA Energy Statistics (r2022),ETH,Secondary Energy|Electricity|Nuclear,EJ/yr,,0.0
Reference,IEA Energy Statistics (r2022),FIN,Primary Energy,EJ/yr,,1.3118205186999998
Reference,IEA Energy Statistics (r2022),FIN,Secondary Energy|Electricity|Nuclear,EJ/yr,,0.08384760000000001
Reference,IEA Energy Statistics (r2022),FIN,Secondary Energy|Electricity|Solar,EJ/yr,,0.0009216000000000001
Reference,IEA Energy Statistics (r2022),FIN,Secondary Energy|Electricity|Wind,EJ/yr,,0.028576800000000003
Reference,IEA Energy Statistics (r2022),FRA,Primary Energy,EJ/yr,,9.1200838857
Reference,IEA Energy Statistics (r2022),FRA,Secondary Energy|Electricity|Nuclear,EJ/yr,,1.2737983212000001
Reference,IEA Energy Statistics (r2022),FRA,Secondary Energy|Electricity|Solar,EJ/yr,,0.048885163200000005
Reference,IEA Energy Statistics (r2022),FRA,Secondary Energy|Electricity|Wind,EJ/yr,,0.1465357176
Reference,IEA Energy Statistics (r2022),GAB,Secondary Energy|Electricity|Nuclear,EJ/yr,,0.0
Reference,IEA Energy Statistics (r2022),GBR,Primary Energy,EJ/yr,,6.55136362
Reference,IEA Energy Statistics (r2022),GBR,Secondary Energy|Electricity|Nuclear,EJ/yr,,0.18100188
Reference,IEA Energy Statistics (r2022),GBR,Secondary Energy|Electricity|Solar,EJ/yr,,0.046083240000000004
Reference,IEA Energy Statistics (r2022),GBR,Secondary Energy|Electricity|Wind,EJ/yr,,0.27219528000000004
Reference,IEA Energy Statistics (r2022),GEO,Secondary Energy|Electricity|Nuclear,EJ/yr,,0.0
Reference,IEA Energy Statistics (r2022),GEO,Secondary Energy|Electricity|Solar,EJ/yr,,0.0
Reference,IEA Energy Statistics (r2022),GEO,Secondary Energy|Electricity|Wind,EJ/yr,,0.00032688000000000004
Reference,IEA Energy Statistics (r2022),GHA,Primary Energy,EJ/yr,,0.5029635455
Reference,IEA Energy Statistics (r2022),GHA,Secondary Energy|Electricity|Nuclear,EJ/yr,,0.0
Reference,IEA Energy Statistics (r2022),GHA,Secondary Energy|Electricity|Solar,EJ/yr,,0.0002047356
Reference,IEA Energy Statistics (r2022),GHA,Secondary Energy|Electricity|Wind,EJ/yr,,0.0
Reference,IEA Energy Statistics (r2022),GRC,Primary Energy,EJ/yr,,0.8179896149
Reference,IEA Energy Statistics (r2022),GRC,Secondary Energy|Electricity|Nuclear,EJ/yr,,0.0
Reference,IEA Energy Statistics (r2022),GRC,Secondary Energy|Electricity|Solar,EJ/yr,,0.015689052000000002
Reference,IEA Energy Statistics (r2022),GRC,Secondary Energy|Electricity|Wind,EJ/yr,,0.033554908800000005
Reference,IEA Energy Statistics (r2022),GTM,Secondary Energy|Electricity|Nuclear,EJ/yr,,0.0
Reference,IEA Energy Statistics (r2022),GTM,Secondary Energy|Electricity|Solar,EJ/yr,,0.0007910640000000001
Reference,IEA Energy Statistics (r2022),GTM,Secondary Energy|Electricity|Wind,EJ/yr,,0.0011256732
Reference,IEA Energy Statistics (r2022),HND,Secondary Energy|Electricity|Nuclear,EJ/yr,,0.0
Reference,IEA Energy Statistics (r2022),HRV,Secondary Energy|Electricity|Nuclear,EJ/yr,,0.0
Reference,IEA Energy Statistics (r2022),HRV,Secondary Energy|Electricity|Solar,EJ/yr,,0.0003438
Reference,IEA Energy Statistics (r2022),HRV,Secondary Energy|Electricity|Wind,EJ/yr,,0.00619452
Reference,IEA Energy Statistics (r2022),HTI,Secondary Energy|Electricity|Nuclear,EJ/yr,,0.0
Reference,IEA Energy Statistics (r2022),HUN,Primary Energy,EJ/yr,,1.0923099692
Reference,IEA Energy Statistics (r2022),HUN,Secondary Energy|Electricity|Nuclear,EJ/yr,,0.057798
Reference,IEA Energy Statistics (r2022),HUN,Secondary Energy|Electricity|Solar,EJ/yr,,0.008820000000000001
Reference,IEA Energy Statistics (r2022),HUN,Secondary Energy|Electricity|Wind,EJ/yr,,0.0023580000000000003
Reference,IEA Energy Statistics (r2022),IDN,Secondary Energy|Electricity|Nuclear,EJ/yr,,0.0
Reference,IEA Energy Statistics (r2022),IDN,Secondary Energy|Electricity|Solar,EJ/yr,,0.0
Reference,IEA Energy Statistics (r2022),IDN,Secondary Energy|Electricity|Wind,EJ/yr,,0.0017016804
Reference,IEA Energy Statistics (r2022),IND,Secondary Energy|Electricity|Nuclear,EJ/yr,,0.154904688
Reference,IEA Energy Statistics (r2022),IND,Secondary Energy|Electricity|Solar,EJ/yr,,0.2208395592
Reference,IEA Energy Statistics (r2022),IND,Secondary Energy|Electricity|Wind,EJ/yr,,0.23813119440000002
Reference,IEA Energy Statistics (r2022),IRL,Primary Energy,EJ/yr,,0.5454963047
Reference,IEA Energy Statistics (r2022),IRL,Secondary Energy|Electricity|Nuclear,EJ/yr,,0.0
Reference,IEA Energy Statistics (r2022),IRL,Secondary Energy|Electricity|Solar,EJ/yr,,0.00022960800000000001
Reference,IEA Energy Statistics (r2022),IRL,Secondary Energy|Electricity|Wind,EJ/yr,,0.041577912
Reference,IEA Energy Statistics (r2022),IRQ,Secondary Energy|Electricity|Nuclear,EJ/yr,,0.0
Reference,IEA Energy Statistics (r2022),ISL,Primary Energy,EJ/yr,,0.24781152969999998
Reference,IEA Energy Statistics (r2022),ISL,Secondary Energy|Electricity|Nuclear,EJ/yr,,0.0
Reference,IEA Energy Statistics (r2022),ISL,Secondary Energy|Electricity|Solar,EJ/yr,,0.0
Reference,IEA Energy Statistics (r2022),ISL,Secondary Energy|Electricity|Wind,EJ/yr,,2.3979600000000003e-05
Reference,IEA Energy Statistics (r2022),ISR,Primary Energy,EJ/yr,,0.8735056116
Reference,IEA Energy Statistics (r2022),ISR,Secondary Energy|Electricity|Nuclear,EJ/yr,,0.0
Reference,IEA Energy Statistics (r2022),ISR,Secondary Energy|Electricity|Solar,EJ/yr,,0.014638298400000001
Reference,IEA Energy Statistics (r2022),ISR,Secondary Energy|Electricity|Wind,EJ/yr,,0.0008186976
Reference,IEA Energy Statistics (r2022),ITA,Primary Energy,EJ/yr,,5.7768083458
Reference,IEA Energy Statistics (r2022),ITA,Secondary Energy|Electricity|Nuclear,EJ/yr,,0.0
Reference,IEA Energy Statistics (r2022),ITA,Secondary Energy|Electricity|Solar,EJ/yr,,0.0897912
Reference,IEA Energy Statistics (r2022),ITA,Secondary Energy|Electricity|Wind,EJ/yr,,0.0673272
Reference,IEA Energy Statistics (r2022),JAM,Secondary Energy|Electricity|Nuclear,EJ/yr,,0.0
Reference,IEA Energy Statistics (r2022),JOR,Secondary Energy|Electricity|Nuclear,EJ/yr,,0.0
Reference,IEA Energy Statistics (r2022),JPN,Primary Energy,EJ/yr,,16.7113337234
Reference,IEA Energy Statistics (r2022),JPN,Secondary Energy|Electricity|Nuclear,EJ/yr,,0.139506066
Reference,IEA Energy Statistics (r2022),JPN,Secondary Energy|Electricity|Solar,EJ/yr,,0.283119642
Reference,IEA Energy Statistics (r2022),JPN,Secondary Energy|Electricity|Wind,EJ/yr,,0.0311551704
Reference,IEA Energy Statistics (r2022),KAZ,Secondary Energy|Electricity|Nuclear,EJ/yr,,0.0
Reference,IEA Energy Statistics (r2022),KEN,Secondary Energy|Electricity|Nuclear,EJ/yr,,0.0
Reference,IEA Energy Statistics (r2022),KGZ,Secondary Energy|Electricity|Nuclear,EJ/yr,,0.0
Reference,IEA Energy Statistics (r2022),KHM,Secondary Energy|Electricity|Nuclear,EJ/yr,,0.0
Reference,IEA Energy Statistics (r2022),KWT,Secondary Energy|Electricity|Nuclear,EJ/yr,,0.0
Reference,IEA Energy Statistics (r2022),LBN,Secondary Energy|Electricity|Nuclear,EJ/yr,,0.0
Reference,IEA Energy Statistics (r2022),LKA,Secondary Energy|Electricity|Nuclear,EJ/yr,,0.0
Reference,IEA Energy Statistics (r2022),LTU,Primary Energy,EJ/yr,,0.31167502999999996
Reference,IEA Energy Statistics (r2022),LTU,Secondary Energy|Electricity|Nuclear,EJ/yr,,0.0
Reference,IEA Energy Statistics (r2022),LTU,Secondary Energy|Electricity|Solar,EJ/yr,,0.00046368000000000006
Reference,IEA Energy Statistics (r2022),LTU,Secondary Energy|Electricity|Wind,EJ/yr,,0.005586120000000001
Reference,IEA Energy Statistics (r2022),LUX,Primary Energy,EJ/yr,,0.14299536
Reference,IEA Energy Statistics (r2022),LUX,Secondary Energy|Electricity|Nuclear,EJ/yr,,0.0
Reference,IEA Energy Statistics (r2022),LUX,Secondary Energy|Electricity|Solar,EJ/yr,,0.000640908
Reference,IEA Energy Statistics (r2022),LUX,Secondary Energy|Electricity|Wind,EJ/yr,,0.0012176280000000001
Reference,IEA Energy Statistics (r2022),LVA,Primary Energy,EJ/yr,,0.1805183954
Reference,IEA Energy Statistics (r2022),LVA,Secondary Energy|Electricity|Nuclear,EJ/yr,,0.0
Reference,IEA Energy Statistics (r2022),LVA,Secondary Energy|Electricity|Solar,EJ/yr,,1.74456e-05
Reference,IEA Energy Statistics (r2022),LVA,Secondary Energy|Electricity|Wind,EJ/yr,,0.0006366312000000001
Reference,IEA Energy Statistics (r2022),MAR,Secondary Energy|Electricity|Nuclear,EJ/yr,,0.0
Reference,IEA Energy Statistics (r2022),MAR,Secondary Energy|Electricity|Solar,EJ/yr,,0.005471424000000001
Reference,IEA Energy Statistics (r2022),MAR,Secondary Energy|Electricity|Wind,EJ/yr,,0.016530804000000003
Reference,IEA Energy Statistics (r2022),MDA,Secondary Energy|Electricity|Nuclear,EJ/yr,,0.0
Reference,IEA Energy Statistics (r2022),MDA,Secondary Energy|Electricity|Solar,EJ/yr,,1.2600000000000001e-05
Reference,IEA Energy Statistics (r2022),MDA,Secondary Energy|Electricity|Wind,EJ/yr,,0.00018288
Reference,IEA Energy Statistics (r2022),MEX,Primary Energy,EJ/yr,,7.3411908
Reference,IEA Energy Statistics (r2022),MEX,Secondary Energy|Electricity|Nuclear,EJ/yr,,0.039111372000000005
Reference,IEA Energy Statistics (r2022),MEX,Secondary Energy|Electricity|Solar,EJ/yr,,0.048699396000000006
Reference,IEA Energy Statistics (r2022),MEX,Secondary Energy|Electricity|Wind,EJ/yr,,0.070925004
Reference,IEA Energy Statistics (r2022),MLT,Secondary Energy|Electricity|Nuclear,EJ/yr,,0.0
Reference,IEA Energy Statistics (r2022),MLT,Secondary Energy|Electricity|Solar,EJ/yr,,0.0008390520000000001
Reference,IEA Energy Statistics (r2022),MLT,Secondary Energy|Electricity|Wind,EJ/yr,,2.1600000000000003e-07
Reference,IEA Energy Statistics (r2022),MMR,Secondary Energy|Electricity|Nuclear,EJ/yr,,0.0
Reference,IEA Energy Statistics (r2022),MNG,Secondary Energy|Electricity|Nuclear,EJ/yr,,0.0
Reference,IEA Energy Statistics (r2022),MOZ,Secondary Energy|Electricity|Nuclear,EJ/yr,,0.0
Reference,IEA Energy Statistics (r2022),MYS,Secondary Energy|Electricity|Nuclear,EJ/yr,,0.0
Reference,IEA Energy Statistics (r2022),NAM,Secondary Energy|Electricity|Nuclear,EJ/yr,,0.0
Reference,IEA Energy Statistics (r2022),NGA,Secondary Energy|Electricity|Nuclear,EJ/yr,,0.0
Reference,IEA Energy Statistics (r2022),NIC,Secondary Energy|Electricity|Nuclear,EJ/yr,,0.0
Reference,IEA Energy Statistics (r2022),NLD,Primary Energy,EJ/yr,,2.90593485
Reference,IEA Energy Statistics (r2022),NLD,Secondary Energy|Electricity|Nuclear,EJ/yr,,0.014714496
Reference,IEA Energy Statistics (r2022),NLD,Secondary Energy|Electricity|Solar,EJ/yr,,0.028760688000000003
Reference,IEA Energy Statistics (r2022),NLD,Secondary Energy|Electricity|Wind,EJ/yr,,0.055220868000000006
Reference,IEA Energy Statistics (r2022),NOR,Primary Energy,EJ/yr,,1.19686026
Reference,IEA Energy Statistics (r2022),NOR,Secondary Energy|Electricity|Nuclear,EJ/yr,,0.0
Reference,IEA Energy Statistics (r2022),NOR,Secondary Energy|Electricity|Solar,EJ/yr,,9.547200000000001e-05
Reference,IEA Energy Statistics (r2022),NOR,Secondary Energy|Electricity|Wind,EJ/yr,,0.035678124000000006
Reference,IEA Energy Statistics (r2022),NPL,Secondary Energy|Electricity|Nuclear,EJ/yr,,0.0
Reference,IEA Energy Statistics (r2022),NZL,Primary Energy,EJ/yr,,0.83294669
Reference,IEA Energy Statistics (r2022),NZL,Secondary Energy|Electricity|Nuclear,EJ/yr,,0.0
Reference,IEA Energy Statistics (r2022),NZL,Secondary Energy|Electricity|Solar,EJ/yr,,0.000571932
Reference,IEA Energy Statistics (r2022),NZL,Secondary Energy|Electricity|Wind,EJ/yr,,0.008286516
Reference,IEA Energy Statistics (r2022),OMN,Secondary Energy|Electricity|Nuclear,EJ/yr,,0.0
Reference,IEA Energy Statistics (r2022),PAK,Secondary Energy|Electricity|Nuclear,EJ/yr,,0.037826388
Reference,IEA Energy Statistics (r2022),PAN,Secondary Energy|Electricity|Nuclear,EJ/yr,,0.0
Reference,IEA Energy Statistics (r2022),PER,Secondary Energy|Electricity|Nuclear,EJ/yr,,0.0
Reference,IEA Energy Statistics (r2022),PER,Secondary Energy|Electricity|Solar,EJ/yr,,0.0028619640000000003
Reference,IEA Energy Statistics (r2022),PER,Secondary Energy|Electricity|Wind,EJ/yr,,0.006523308
Reference,IEA Energy Statistics (r2022),PHL,Secondary Energy|Electricity|Nuclear,EJ/yr,,0.0
Reference,IEA Energy Statistics (r2022),POL,Primary Energy,EJ/yr,,4.10196423
Reference,IEA Energy Statistics (r2022),POL,Secondary Energy|Electricity|Nuclear,EJ/yr,,0.0
Reference,IEA Energy Statistics (r2022),POL,Secondary Energy|Electricity|Solar,EJ/yr,,0.007164972
Reference,IEA Energy Statistics (r2022),POL,Secondary Energy|Electricity|Wind,EJ/yr,,0.056878884000000005
Reference,IEA Energy Statistics (r2022),PRT,Primary Energy,EJ/yr,,0.8422722899999999
Reference,IEA Energy Statistics (r2022),PRT,Secondary Energy|Electricity|Nuclear,EJ/yr,,0.0
Reference,IEA Energy Statistics (r2022),PRT,Secondary Energy|Electricity|Solar,EJ/yr,,0.006055452
Reference,IEA Energy Statistics (r2022),PRT,Secondary Energy|Electricity|Wind,EJ/yr,,0.044147628
Reference,IEA Energy Statistics (r2022),PRY,Secondary Energy|Electricity|Nuclear,EJ/yr,,0.0
Reference,IEA Energy Statistics (r2022),PRY,Secondary Energy|Electricity|Solar,EJ/yr,,0.0
Reference,IEA Energy Statistics (r2022),PRY,Secondary Energy|Electricity|Wind,EJ/yr,,0.0
Reference,IEA Energy Statistics (r2022),QAT,Secondary Energy|Electricity|Nuclear,EJ/yr,,0.0
Reference,IEA Energy Statistics (r2022),ROU,Secondary Energy|Electricity|Nuclear,EJ/yr,,0.04127904
Reference,IEA Energy Statistics (r2022),ROU,Secondary Energy|Electricity|Solar,EJ/yr,,0.006238800000000001
Reference,IEA Energy Statistics (r2022),ROU,Secondary Energy|Electricity|Wind,EJ/yr,,0.025002000000000003
Reference,IEA Energy Statistics (r2022),RUS,Primary Energy,EJ/yr,,31.1777399
Reference,IEA Energy Statistics (r2022),RUS,Secondary Energy|Electricity|Nuclear,EJ/yr,,0.7772904
Reference,IEA Energy Statistics (r2022),RUS,Secondary Energy|Electricity|Solar,EJ/yr,,0.0067032
Reference,IEA Energy Statistics (r2022),RUS,Secondary Energy|Electricity|Wind,EJ/yr,,0.0040968
Reference,IEA Energy Statistics (r2022),SAU,Secondary Energy|Electricity|Nuclear,EJ/yr,,0.0
Reference,IEA Energy Statistics (r2022),SDN,Secondary Energy|Electricity|Nuclear,EJ/yr,,0.0
Reference,IEA Energy Statistics (r2022),SEN,Secondary Energy|Electricity|Nuclear,EJ/yr,,0.0
Reference,IEA Energy Statistics (r2022),SGP,Secondary Energy|Electricity|Nuclear,EJ/yr,,0.0
Reference,IEA Energy Statistics (r2022),SGP,Secondary Energy|Electricity|Solar,EJ/yr,,0.0022403880000000003
Reference,IEA Energy Statistics (r2022),SGP,Secondary Energy|Electricity|Wind,EJ/yr,,0.0
Reference,IEA Energy Statistics (r2022),SLV,Secondary Energy|Electricity|Nuclear,EJ/yr,,0.0
Reference,IEA Energy Statistics (r2022),SRB,Secondary Energy|Electricity|Nuclear,EJ/yr,,0.0
Reference,IEA Energy Statistics (r2022),SRB,Secondary Energy|Electricity|Solar,EJ/yr,,5.0400000000000005e-05
Reference,IEA Energy Statistics (r2022),SRB,Secondary Energy|Electricity|Wind,EJ/yr,,0.0037067400000000005
Reference,IEA Energy Statistics (r2022),SVN,Primary Energy,EJ/yr,,0.26796533
Reference,IEA Energy Statistics (r2022),SVN,Secondary Energy|Electricity|Nuclear,EJ/yr,,0.022869972000000002
Reference,IEA Energy Statistics (r2022),SVN,Secondary Energy|Electricity|Solar,EJ/yr,,0.001325376
Reference,IEA Energy Statistics (r2022),SVN,Secondary Energy|Electricity|Wind,EJ/yr,,2.2464e-05
Reference,IEA Energy Statistics (r2022),SWE,Primary Energy,EJ/yr,,1.8978096199999999
Reference,IEA Energy Statistics (r2022),SWE,Secondary Energy|Electricity|Nuclear,EJ/yr,,0.17609760000000002
Reference,IEA Energy Statistics (r2022),SWE,Secondary Energy|Electricity|Solar,EJ/yr,,0.003726
Reference,IEA Energy Statistics (r2022),SWE,Secondary Energy|Electricity|Wind,EJ/yr,,0.0990936
Reference,IEA Energy Statistics (r2022),SYR,Secondary Energy|Electricity|Nuclear,EJ/yr,,0.0
Reference,IEA Energy Statistics (r2022),TGO,Secondary Energy|Electricity|Nuclear,EJ/yr,,0.0
Reference,IEA Energy Statistics (r2022),THA,Secondary Energy|Electricity|Nuclear,EJ/yr,,0.0
Reference,IEA Energy Statistics (r2022),THA,Secondary Energy|Electricity|Solar,EJ/yr,,0.0177408
Reference,IEA Energy Statistics (r2022),THA,Secondary Energy|Electricity|Wind,EJ/yr,,0.0110988
Reference,IEA Energy Statistics (r2022),TJK,Secondary Energy|Electricity|Nuclear,EJ/yr,,0.0
Reference,IEA Energy Statistics (r2022),TKM,Secondary Energy|Electricity|Nuclear,EJ/yr,,0.0
Reference,IEA Energy Statistics (r2022),TTO,Secondary Energy|Electricity|Nuclear,EJ/yr,,0.0
Reference,IEA Energy Statistics (r2022),TUN,Secondary Energy|Electricity|Nuclear,EJ/yr,,0.0
Reference,IEA Energy Statistics (r2022),TUR,Primary Energy,EJ/yr,,6.15923486
Reference,IEA Energy Statistics (r2022),TUR,Secondary Energy|Electricity|Nuclear,EJ/yr,,0.0
Reference,IEA Energy Statistics (r2022),TUR,Secondary Energy|Electricity|Solar,EJ/yr,,0.040554756000000004
Reference,IEA Energy Statistics (r2022),TUR,Secondary Energy|Electricity|Wind,EJ/yr,,0.08893044000000001
Reference,IEA Energy Statistics (r2022),TZA,Secondary Energy|Electricity|Nuclear,EJ/yr,,0.0
Reference,IEA Energy Statistics (r2022),UKR,Secondary Energy|Electricity|Nuclear,EJ/yr,,0.27433080000000004
Reference,IEA Energy Statistics (r2022),UKR,Secondary Energy|Electricity|Solar,EJ/yr,,0.00588636
Reference,IEA Energy Statistics (r2022),UKR,Secondary Energy|Electricity|Wind,EJ/yr,,0.00695484
Reference,IEA Energy Statistics (r2022),URY,Primary Energy,EJ/yr,,0.22334661
Reference,IEA Energy Statistics (r2022),URY,Secondary Energy|Electricity|Nuclear,EJ/yr,,0.0
Reference,IEA Energy Statistics (r2022),URY,Secondary Energy|Electricity|Solar,EJ/yr,,0.00166536
Reference,IEA Energy Statistics (r2022),URY,Secondary Energy|Electricity|Wind,EJ/yr,,0.01957572
Reference,IEA Energy Statistics (r2022),USA,Primary Energy,EJ/yr,,85.16712428
Reference,IEA Energy Statistics (r2022),USA,Secondary Energy|Electricity|Nuclear,EJ/yr,,2.9634876
Reference,IEA Energy Statistics (r2022),USA,Secondary Energy|Electricity|Solar,EJ/yr,,0.43589790000000006
Reference,IEA Energy Statistics (r2022),USA,Secondary Energy|Electricity|Wind,EJ/yr,,1.2290976
Reference,IEA Energy Statistics (r2022),UZB,Secondary Energy|Electricity|Nuclear,EJ/yr,,0.0
Reference,IEA Energy Statistics (r2022),YEM,Secondary Energy|Electricity|Nuclear,EJ/yr,,0.0
Reference,IEA Energy Statistics (r2022),ZAF,Secondary Energy|Electricity|Nuclear,EJ/yr,,0.044547948000000004
Reference,IEA Energy Statistics (r2022),ZAF,Secondary Energy|Electricity|Solar,EJ/yr,,0.018111600000000002
Reference,IEA Energy Statistics (r2022),ZAF,Secondary Energy|Electricity|Wind,EJ/yr,,0.021373200000000002
Reference,IEA Energy Statistics (r2022),ZMB,Secondary Energy|Electricity|Nuclear,EJ/yr,,0.0
Reference,IEA Energy Statistics (r2022),ZMB,Secondary Energy|Electricity|Solar,EJ/yr,,0.0005405760000000001
Reference,IEA Energy Statistics (r2022),ZMB,Secondary Energy|Electricity|Wind,EJ/yr,,0.0
Reference,IEA Energy Statistics (r2022),ZWE,Secondary Energy|Electricity|Nuclear,EJ/yr,,0.0
